ZIP,date_start - date_end,Predictd new cases,cases/10000 population
90001,2020/4/19 - 2020/4/25,20.849974,3.53539
90001,2020/4/26 - 2020/5/2,46.447296,7.87576
90001,2020/5/3 - 2020/5/9,55.089565,9.34117
90001,2020/5/10 - 2020/5/16,61.87778,10.49221
90001,2020/5/17 - 2020/5/23,57.439224,9.73959
90002,2020/4/12 - 2020/4/18,18.58561,3.49939
90002,2020/4/19 - 2020/4/25,22.172535,4.17475
90002,2020/4/26 - 2020/5/2,43.22863,8.1393
90002,2020/5/3 - 2020/5/9,53.14196,10.00583
90002,2020/5/10 - 2020/5/16,52.443394,9.8743
90002,2020/5/17 - 2020/5/23,45.9998,8.66107
90003,2020/4/5 - 2020/4/11,20.63659,2.837
90003,2020/4/12 - 2020/4/18,24.515896,3.3703
90003,2020/4/19 - 2020/4/25,26.488056,3.64142
90003,2020/4/26 - 2020/5/2,49.282383,6.77505
90003,2020/5/3 - 2020/5/9,77.0923,10.59819
90003,2020/5/10 - 2020/5/16,76.26644,10.48466
90003,2020/5/17 - 2020/5/23,75.63207,10.39745
90004,2020/4/5 - 2020/4/11,38.22362,6.20654
90004,2020/4/12 - 2020/4/18,64.52661,10.47748
90004,2020/4/19 - 2020/4/25,62.37093,10.12745
90004,2020/4/26 - 2020/5/2,83.12299,13.49706
90004,2020/5/3 - 2020/5/9,73.09812,11.86928
90004,2020/5/10 - 2020/5/16,74.56151,12.10689
90004,2020/5/17 - 2020/5/23,49.720097,8.07328
90006,2020/4/5 - 2020/4/11,31.250628,5.0651
90006,2020/4/12 - 2020/4/18,60.35099,9.78168
90006,2020/4/19 - 2020/4/25,79.85521,12.94292
90006,2020/4/26 - 2020/5/2,140.1547,22.71625
90006,2020/5/3 - 2020/5/9,169.06699,27.40235
90006,2020/5/10 - 2020/5/16,179.38345,29.07444
90006,2020/5/17 - 2020/5/23,184.2934,29.87024
90007,2020/4/5 - 2020/4/11,18.805803,4.50806
90007,2020/4/12 - 2020/4/18,17.338362,4.15629
90007,2020/4/19 - 2020/4/25,18.094805,4.33762
90007,2020/4/26 - 2020/5/2,29.602545,7.09621
90007,2020/5/3 - 2020/5/9,40.235325,9.64506
90007,2020/5/10 - 2020/5/16,40.029167,9.59564
90007,2020/5/17 - 2020/5/23,37.882122,9.08096
90008,2020/4/5 - 2020/4/11,21.859983,6.88742
90008,2020/4/12 - 2020/4/18,16.424725,5.17493
90008,2020/4/19 - 2020/4/25,14.761072,4.65077
90008,2020/4/26 - 2020/5/2,24.540037,7.73182
90008,2020/5/3 - 2020/5/9,12.943623,4.07814
90008,2020/5/10 - 2020/5/16,12.978711,4.0892
90008,2020/5/17 - 2020/5/23,20.348896,6.41132
90011,2020/4/5 - 2020/4/11,20.43474,1.86765
90011,2020/4/12 - 2020/4/18,22.218351,2.03067
90011,2020/4/19 - 2020/4/25,28.74709,2.62737
90011,2020/4/26 - 2020/5/2,74.85451,6.8414
90011,2020/5/3 - 2020/5/9,96.76424,8.84386
90011,2020/5/10 - 2020/5/16,103.45329,9.45522
90011,2020/5/17 - 2020/5/23,103.976616,9.50304
90012,2020/4/12 - 2020/4/18,4.707757,1.31088
90012,2020/4/19 - 2020/4/25,-1.2233372,-0.340639
90012,2020/4/26 - 2020/5/2,6.1439805,1.7108
90012,2020/5/3 - 2020/5/9,5.5997543,1.55926
90012,2020/5/10 - 2020/5/16,0.9420893,0.262325
90012,2020/5/17 - 2020/5/23,2.1097033,0.587448
90013,2020/4/12 - 2020/4/18,4.5885606,3.84398
90013,2020/4/19 - 2020/4/25,-0.73532605,-0.616006
90013,2020/4/26 - 2020/5/2,17.3195,14.50909
90013,2020/5/3 - 2020/5/9,20.09275,16.83233
90013,2020/5/10 - 2020/5/16,44.24055,37.0617
90013,2020/5/17 - 2020/5/23,84.3023,70.62269
90014,2020/4/5 - 2020/4/11,21.631586,25.95271
90014,2020/4/12 - 2020/4/18,8.353692,10.02243
90014,2020/4/19 - 2020/4/25,6.0065575,7.20643
90014,2020/4/26 - 2020/5/2,16.52719,19.82866
90014,2020/5/3 - 2020/5/9,12.242484,14.68804
90014,2020/5/10 - 2020/5/16,19.231638,23.07335
90014,2020/5/17 - 2020/5/23,15.203603,18.24068
90016,2020/4/12 - 2020/4/18,13.31552,2.85857
90016,2020/4/26 - 2020/5/2,36.411186,7.81675
90016,2020/5/3 - 2020/5/9,41.27671,8.86128
90016,2020/5/10 - 2020/5/16,28.446009,6.10678
90016,2020/5/17 - 2020/5/23,18.330055,3.93509
90018,2020/4/5 - 2020/4/11,21.241234,3.98851
90018,2020/4/12 - 2020/4/18,19.497704,3.66113
90018,2020/4/19 - 2020/4/25,19.549623,3.67088
90018,2020/4/26 - 2020/5/2,38.311443,7.19383
90018,2020/5/3 - 2020/5/9,45.796345,8.59928
90018,2020/5/10 - 2020/5/16,38.19978,7.17286
90018,2020/5/17 - 2020/5/23,25.678411,4.82169
90019,2020/4/12 - 2020/4/18,19.260109,2.90741
90019,2020/4/19 - 2020/4/25,15.531412,2.34454
90019,2020/4/26 - 2020/5/2,27.756083,4.18991
90019,2020/5/3 - 2020/5/9,26.23923,3.96094
90019,2020/5/10 - 2020/5/16,21.954632,3.31416
90019,2020/5/17 - 2020/5/23,15.141529,2.28569
90020,2020/4/12 - 2020/4/18,19.925974,5.0959
90020,2020/4/19 - 2020/4/25,26.145638,6.68652
90020,2020/4/26 - 2020/5/2,46.37771,11.8607
90020,2020/5/3 - 2020/5/9,42.245304,10.80387
90020,2020/5/10 - 2020/5/16,41.26464,10.55308
90020,2020/5/17 - 2020/5/23,32.41384,8.28956
90022,2020/4/5 - 2020/4/11,21.35101,3.2404
90022,2020/4/12 - 2020/4/18,26.84435,4.07412
90022,2020/4/19 - 2020/4/25,37.368996,5.67142
90022,2020/4/26 - 2020/5/2,66.23652,10.05259
90022,2020/5/3 - 2020/5/9,112.299,17.04341
90022,2020/5/10 - 2020/5/16,98.252426,14.91158
90022,2020/5/17 - 2020/5/23,74.07805,11.24268
90024,2020/4/5 - 2020/4/11,18.724352,3.72342
90024,2020/4/12 - 2020/4/18,9.23997,1.83741
90024,2020/4/19 - 2020/4/25,4.784451,0.95141
90024,2020/4/26 - 2020/5/2,12.802693,2.54587
90024,2020/5/3 - 2020/5/9,5.7411613,1.14166
90024,2020/5/10 - 2020/5/16,3.8555963,0.766703
90024,2020/5/17 - 2020/5/23,3.1383111,0.624068
90025,2020/4/5 - 2020/4/11,22.830513,4.75963
90025,2020/4/12 - 2020/4/18,15.730075,3.27935
90025,2020/4/19 - 2020/4/25,8.124741,1.69382
90025,2020/4/26 - 2020/5/2,15.878977,3.3104
90025,2020/5/3 - 2020/5/9,9.287016,1.93613
90025,2020/5/10 - 2020/5/16,6.7247577,1.40196
90025,2020/5/17 - 2020/5/23,3.2542164,0.678428
90026,2020/4/5 - 2020/4/11,19.674963,2.82731
90026,2020/4/12 - 2020/4/18,22.611588,3.2493
90026,2020/4/19 - 2020/4/25,32.974056,4.7384
90026,2020/4/26 - 2020/5/2,48.619106,6.98661
90026,2020/5/3 - 2020/5/9,68.94612,9.90762
90026,2020/5/10 - 2020/5/16,59.1237,8.49613
90026,2020/5/17 - 2020/5/23,48.83064,7.01701
90028,2020/4/12 - 2020/4/18,-0.91757613,-0.298554
90028,2020/4/19 - 2020/4/25,-2.3209398,-0.75517
90028,2020/4/26 - 2020/5/2,5.3262258,1.73301
90028,2020/5/3 - 2020/5/9,-2.7570703,-0.897075
90028,2020/5/10 - 2020/5/16,-4.350641,-1.41558
90028,2020/5/17 - 2020/5/23,-0.9679441,-0.314942
90029,2020/4/5 - 2020/4/11,18.550768,4.89492
90029,2020/4/12 - 2020/4/18,16.67854,4.4009
90029,2020/4/19 - 2020/4/25,35.336605,9.32413
90029,2020/4/26 - 2020/5/2,69.22671,18.26659
90029,2020/5/3 - 2020/5/9,59.60601,15.72801
90029,2020/5/10 - 2020/5/16,43.984516,11.60603
90029,2020/5/17 - 2020/5/23,67.71086,17.86661
90031,2020/4/12 - 2020/4/18,7.6877513,1.995
90031,2020/4/19 - 2020/4/25,9.073889,2.35471
90031,2020/4/26 - 2020/5/2,22.67976,5.8855
90031,2020/5/3 - 2020/5/9,22.624174,5.87107
90031,2020/5/10 - 2020/5/16,39.5793,10.271
90031,2020/5/17 - 2020/5/23,35.591385,9.23612
90032,2020/4/12 - 2020/4/18,6.6643934,1.39929
90032,2020/4/19 - 2020/4/25,8.650303,1.81626
90032,2020/4/26 - 2020/5/2,24.307291,5.10368
90032,2020/5/3 - 2020/5/9,19.82724,4.16303
90032,2020/5/10 - 2020/5/16,16.531998,3.47114
90032,2020/5/17 - 2020/5/23,15.105124,3.17155
90033,2020/4/5 - 2020/4/11,21.455608,4.50909
90033,2020/4/12 - 2020/4/18,19.370758,4.07094
90033,2020/4/19 - 2020/4/25,19.981598,4.19931
90033,2020/4/26 - 2020/5/2,36.06371,7.57912
90033,2020/5/3 - 2020/5/9,59.686035,12.54356
90033,2020/5/10 - 2020/5/16,66.14179,13.9003
90033,2020/5/17 - 2020/5/23,66.97368,14.07513
90034,2020/4/5 - 2020/4/11,24.376863,4.38023
90034,2020/4/12 - 2020/4/18,20.524742,3.68805
90034,2020/4/19 - 2020/4/25,21.894333,3.93415
90034,2020/4/26 - 2020/5/2,29.120922,5.23268
90034,2020/5/3 - 2020/5/9,22.7992,4.09674
90034,2020/5/10 - 2020/5/16,35.415897,6.36381
90034,2020/5/17 - 2020/5/23,17.453947,3.13627
90035,2020/4/5 - 2020/4/11,19.198858,6.83598
90035,2020/4/12 - 2020/4/18,11.082259,3.94597
90035,2020/4/19 - 2020/4/25,10.112267,3.60059
90035,2020/4/26 - 2020/5/2,13.207928,4.70284
90035,2020/5/3 - 2020/5/9,6.5033383,2.31559
90035,2020/5/10 - 2020/5/16,4.5266933,1.61178
90035,2020/5/17 - 2020/5/23,5.639041,2.00785
90036,2020/4/5 - 2020/4/11,20.092842,5.28926
90036,2020/4/12 - 2020/4/18,9.760773,2.56944
90036,2020/4/19 - 2020/4/25,2.0089746,0.528845
90036,2020/4/26 - 2020/5/2,9.813261,2.58325
90036,2020/5/3 - 2020/5/9,8.601538,2.26428
90036,2020/5/10 - 2020/5/16,2.5439174,0.669663
90036,2020/5/17 - 2020/5/23,1.0072722,0.265155
90037,2020/4/12 - 2020/4/18,21.369251,3.28677
90037,2020/4/19 - 2020/4/25,23.68678,3.64322
90037,2020/4/26 - 2020/5/2,44.82847,6.89499
90037,2020/5/3 - 2020/5/9,48.741848,7.4969
90037,2020/5/10 - 2020/5/16,47.095425,7.24367
90037,2020/5/17 - 2020/5/23,41.312874,6.35426
90039,2020/4/5 - 2020/4/11,19.698343,6.65732
90039,2020/4/12 - 2020/4/18,20.030043,6.76942
90039,2020/4/19 - 2020/4/25,17.093975,5.77714
90039,2020/4/26 - 2020/5/2,24.623318,8.32178
90039,2020/5/3 - 2020/5/9,18.6922,6.31728
90039,2020/5/10 - 2020/5/16,19.825377,6.70025
90039,2020/5/17 - 2020/5/23,14.988329,5.06551
90040,2020/4/26 - 2020/5/2,9.182818,7.26202
90040,2020/5/3 - 2020/5/9,3.7277775,2.94802
90040,2020/5/10 - 2020/5/16,0.764062,0.60424
90040,2020/5/17 - 2020/5/23,4.466633,3.53233
90041,2020/4/5 - 2020/4/11,16.803211,5.69292
90041,2020/4/12 - 2020/4/18,4.732445,1.60335
90041,2020/4/19 - 2020/4/25,4.8249125,1.63468
90041,2020/4/26 - 2020/5/2,18.442883,6.24844
90041,2020/5/3 - 2020/5/9,16.113508,5.45925
90041,2020/5/10 - 2020/5/16,9.636058,3.26469
90041,2020/5/17 - 2020/5/23,12.790728,4.33349
90042,2020/4/12 - 2020/4/18,11.158578,1.74596
90042,2020/4/26 - 2020/5/2,24.776348,3.8767
90042,2020/5/3 - 2020/5/9,17.42619,2.72663
90042,2020/5/10 - 2020/5/16,19.337364,3.02567
90042,2020/5/17 - 2020/5/23,12.292105,1.92332
90043,2020/4/5 - 2020/4/11,22.423275,5.0246
90043,2020/4/12 - 2020/4/18,29.350647,6.57688
90043,2020/4/26 - 2020/5/2,70.169365,15.72352
90043,2020/5/3 - 2020/5/9,76.585976,17.16135
90043,2020/5/10 - 2020/5/16,81.38659,18.23707
90043,2020/5/17 - 2020/5/23,66.79182,14.96668
90044,2020/4/5 - 2020/4/11,20.375957,2.1129
90044,2020/4/12 - 2020/4/18,27.646828,2.86686
90044,2020/4/19 - 2020/4/25,28.124767,2.91642
90044,2020/4/26 - 2020/5/2,61.402428,6.36717
90044,2020/5/3 - 2020/5/9,74.06353,7.68007
90044,2020/5/10 - 2020/5/16,55.34779,5.73933
90044,2020/5/17 - 2020/5/23,48.034847,4.98101
90045,2020/4/5 - 2020/4/11,17.380049,4.22369
90045,2020/4/12 - 2020/4/18,2.5849223,0.628186
90045,2020/4/19 - 2020/4/25,0.9597844,0.233246
90045,2020/4/26 - 2020/5/2,10.613107,2.57919
90045,2020/5/3 - 2020/5/9,7.3655944,1.78998
90045,2020/5/10 - 2020/5/16,5.9298935,1.44108
90045,2020/5/17 - 2020/5/23,5.426689,1.31879
90046,2020/4/5 - 2020/4/11,24.879177,4.9181
90046,2020/4/12 - 2020/4/18,33.148487,6.55277
90046,2020/4/19 - 2020/4/25,22.43401,4.43474
90046,2020/4/26 - 2020/5/2,33.618584,6.6457
90046,2020/5/3 - 2020/5/9,36.63535,7.24205
90046,2020/5/10 - 2020/5/16,26.829489,5.30363
90046,2020/5/17 - 2020/5/23,17.207973,3.40166
90047,2020/4/12 - 2020/4/18,14.805737,3.02881
90047,2020/4/19 - 2020/4/25,17.074682,3.49297
90047,2020/4/26 - 2020/5/2,37.713566,7.71507
90047,2020/5/3 - 2020/5/9,44.482746,9.09984
90047,2020/5/10 - 2020/5/16,33.721867,6.89849
90047,2020/5/17 - 2020/5/23,29.005396,5.93364
90048,2020/4/12 - 2020/4/18,5.774546,2.52252
90048,2020/4/19 - 2020/4/25,1.3789425,0.602369
90048,2020/4/26 - 2020/5/2,14.001355,6.11627
90048,2020/5/3 - 2020/5/9,9.59757,4.19254
90048,2020/5/10 - 2020/5/16,5.3864527,2.35298
90048,2020/5/17 - 2020/5/23,3.82315,1.67008
90049,2020/4/5 - 2020/4/11,21.414118,5.79324
90049,2020/4/12 - 2020/4/18,11.465508,3.1018
90049,2020/4/19 - 2020/4/25,3.7209015,1.00663
90049,2020/4/26 - 2020/5/2,11.127291,3.0103
90049,2020/5/3 - 2020/5/9,5.2807574,1.42862
90049,2020/5/10 - 2020/5/16,2.7101002,0.733173
90049,2020/5/17 - 2020/5/23,3.5931358,0.972064
90056,2020/4/12 - 2020/4/18,0.019074237,0.0244698
90056,2020/4/19 - 2020/4/25,-2.4911983,-3.19589
90056,2020/4/26 - 2020/5/2,-2.2094133,-2.8344
90056,2020/5/3 - 2020/5/9,-2.9258587,-3.75351
90056,2020/5/10 - 2020/5/16,-3.6682851,-4.70595
90056,2020/5/17 - 2020/5/23,-0.7966122,-1.02195
90058,2020/5/17 - 2020/5/23,-0.3004107,-1.08923
90059,2020/4/12 - 2020/4/18,10.813878,2.3533
90059,2020/4/19 - 2020/4/25,9.257968,2.0147
90059,2020/4/26 - 2020/5/2,22.400293,4.87472
90059,2020/5/3 - 2020/5/9,16.662745,3.62612
90059,2020/5/10 - 2020/5/16,15.724923,3.42203
90059,2020/5/17 - 2020/5/23,15.772192,3.43232
90061,2020/4/5 - 2020/4/11,21.59875,7.81261
90061,2020/4/12 - 2020/4/18,10.21054,3.69332
90061,2020/4/19 - 2020/4/25,8.299164,3.00194
90061,2020/4/26 - 2020/5/2,18.24641,6.60002
90061,2020/5/3 - 2020/5/9,22.935606,8.29618
90061,2020/5/10 - 2020/5/16,23.719757,8.57982
90061,2020/5/17 - 2020/5/23,20.25168,7.32536
90064,2020/4/12 - 2020/4/18,-0.6882385,-0.270651
90064,2020/4/19 - 2020/4/25,-2.5742145,-1.01231
90064,2020/4/26 - 2020/5/2,2.177869,0.856451
90064,2020/5/3 - 2020/5/9,0.863636,0.339626
90064,2020/5/10 - 2020/5/16,-0.0632263,-0.0248639
90064,2020/5/17 - 2020/5/23,-0.2970736,-0.116825
90065,2020/4/12 - 2020/4/18,15.613672,3.26052
90065,2020/4/19 - 2020/4/25,19.507301,4.07361
90065,2020/4/26 - 2020/5/2,33.397938,6.97432
90065,2020/5/3 - 2020/5/9,32.633686,6.81473
90065,2020/5/10 - 2020/5/16,26.677856,5.571
90065,2020/5/17 - 2020/5/23,28.607344,5.97393
90066,2020/4/5 - 2020/4/11,20.15734,3.39383
90066,2020/4/12 - 2020/4/18,18.310366,3.08286
90066,2020/4/19 - 2020/4/25,11.696654,1.96933
90066,2020/4/26 - 2020/5/2,24.323038,4.0952
90066,2020/5/3 - 2020/5/9,16.439138,2.76781
90066,2020/5/10 - 2020/5/16,11.54548,1.94388
90066,2020/5/17 - 2020/5/23,8.711168,1.46667
90068,2020/4/5 - 2020/4/11,22.576185,10.75979
90068,2020/4/12 - 2020/4/18,14.47065,6.8967
90068,2020/4/19 - 2020/4/25,6.171498,2.94133
90068,2020/4/26 - 2020/5/2,11.597691,5.52745
90068,2020/5/3 - 2020/5/9,10.824017,5.15872
90068,2020/5/10 - 2020/5/16,8.73728,4.16418
90068,2020/5/17 - 2020/5/23,7.6677074,3.65442
90069,2020/4/5 - 2020/4/11,26.822678,13.12585
90069,2020/4/12 - 2020/4/18,19.52132,9.55288
90069,2020/4/19 - 2020/4/25,13.480482,6.59676
90069,2020/4/26 - 2020/5/2,18.051243,8.83349
90069,2020/5/3 - 2020/5/9,14.647593,7.16789
90069,2020/5/10 - 2020/5/16,9.326725,4.56409
90069,2020/5/17 - 2020/5/23,6.4043427,3.13401
90077,2020/4/12 - 2020/4/18,0.99116784,1.10215
90077,2020/4/19 - 2020/4/25,-0.5236374,-0.582272
90077,2020/4/26 - 2020/5/2,1.6714686,1.85863
90077,2020/5/3 - 2020/5/9,0.04455226,0.049541
90077,2020/5/10 - 2020/5/16,-1.1196502,-1.24502
90077,2020/5/17 - 2020/5/23,-0.6419515,-0.713835
90094,2020/4/5 - 2020/4/11,16.776335,17.90813
90094,2020/4/12 - 2020/4/18,-0.6417496,-0.685044
90094,2020/4/19 - 2020/4/25,-4.8223844,-5.14772
90094,2020/4/26 - 2020/5/2,-1.1015372,-1.17585
90094,2020/5/3 - 2020/5/9,-2.271135,-2.42435
90094,2020/5/10 - 2020/5/16,-3.8338711,-4.09252
90094,2020/5/17 - 2020/5/23,-2.4270568,-2.5908
90201,2020/4/12 - 2020/4/18,34.52721,3.37071
90201,2020/4/19 - 2020/4/25,39.942196,3.89935
90201,2020/4/26 - 2020/5/2,93.96509,9.17332
90201,2020/5/3 - 2020/5/9,90.17651,8.80346
90201,2020/5/10 - 2020/5/16,71.79913,7.00937
90201,2020/5/17 - 2020/5/23,57.491932,5.61264
90210,2020/4/5 - 2020/4/11,35.57698,17.8698
90210,2020/4/12 - 2020/4/18,27.49596,13.81082
90210,2020/4/19 - 2020/4/25,6.0021763,3.01481
90210,2020/4/26 - 2020/5/2,12.968341,6.51381
90210,2020/5/3 - 2020/5/9,15.885843,7.97923
90210,2020/5/10 - 2020/5/16,10.456899,5.25235
90210,2020/5/17 - 2020/5/23,10.10468,5.07543
90220,2020/4/12 - 2020/4/18,18.584429,3.46059
90220,2020/4/19 - 2020/4/25,25.82927,4.80965
90220,2020/4/26 - 2020/5/2,49.289303,9.17813
90220,2020/5/3 - 2020/5/9,64.42767,11.99703
90220,2020/5/10 - 2020/5/16,52.093605,9.70032
90220,2020/5/17 - 2020/5/23,51.62201,9.6125
90221,2020/4/19 - 2020/4/25,3.5049758,0.669886
90221,2020/4/26 - 2020/5/2,15.505507,2.96348
90221,2020/5/3 - 2020/5/9,7.151658,1.36685
90221,2020/5/10 - 2020/5/16,5.2363744,1.0008
90221,2020/5/17 - 2020/5/23,3.5538347,0.679224
90222,2020/4/19 - 2020/4/25,0.1958298,0.0596133
90222,2020/4/26 - 2020/5/2,9.361361,2.84973
90222,2020/5/3 - 2020/5/9,2.3962035,0.729438
90222,2020/5/10 - 2020/5/16,-0.15120554,-0.0460291
90222,2020/5/17 - 2020/5/23,0.8083722,0.24608
90230,2020/4/5 - 2020/4/11,17.244375,5.25615
90230,2020/4/12 - 2020/4/18,7.849694,2.39262
90230,2020/4/19 - 2020/4/25,2.6148322,0.797011
90230,2020/4/26 - 2020/5/2,9.11082,2.77701
90230,2020/5/3 - 2020/5/9,8.807011,2.68441
90230,2020/5/10 - 2020/5/16,5.1957006,1.58367
90230,2020/5/17 - 2020/5/23,18.02864,5.4952
90241,2020/4/12 - 2020/4/18,27.573088,6.24631
90241,2020/4/19 - 2020/4/25,26.912195,6.09659
90241,2020/4/26 - 2020/5/2,42.187103,9.55692
90241,2020/5/3 - 2020/5/9,46.56568,10.54883
90241,2020/5/10 - 2020/5/16,44.297844,10.03508
90241,2020/5/17 - 2020/5/23,43.13472,9.77159
90245,2020/4/5 - 2020/4/11,14.503204,8.60724
90245,2020/4/12 - 2020/4/18,1.7603086,1.04469
90245,2020/4/19 - 2020/4/25,-0.39321133,-0.23336
90245,2020/4/26 - 2020/5/2,5.269945,3.12756
90245,2020/5/3 - 2020/5/9,4.2729387,2.53587
90245,2020/5/10 - 2020/5/16,1.0697416,0.634861
90245,2020/5/17 - 2020/5/23,1.4166777,0.840758
90247,2020/4/5 - 2020/4/11,18.708067,3.93597
90247,2020/4/12 - 2020/4/18,15.062708,3.16903
90247,2020/4/19 - 2020/4/25,26.363806,5.54666
90247,2020/4/26 - 2020/5/2,45.253334,9.5208
90247,2020/5/3 - 2020/5/9,30.536306,6.4245
90247,2020/5/10 - 2020/5/16,26.522556,5.58005
90247,2020/5/17 - 2020/5/23,19.081835,4.01461
90248,2020/4/12 - 2020/4/18,3.6967943,3.21125
90248,2020/4/19 - 2020/4/25,5.178583,4.49842
90248,2020/4/26 - 2020/5/2,10.733012,9.32333
90248,2020/5/3 - 2020/5/9,7.7102323,6.69756
90248,2020/5/10 - 2020/5/16,8.745587,7.59693
90248,2020/5/17 - 2020/5/23,8.093391,7.0304
90249,2020/4/19 - 2020/4/25,-2.4598715,-0.925216
90249,2020/4/26 - 2020/5/2,3.9516737,1.48632
90249,2020/5/3 - 2020/5/9,1.0923005,0.41084
90249,2020/5/10 - 2020/5/16,0.787333,0.296135
90249,2020/5/17 - 2020/5/23,0.66336143,0.249506
90250,2020/4/5 - 2020/4/11,19.06556,1.96885
90250,2020/4/12 - 2020/4/18,25.728384,2.6569
90250,2020/4/19 - 2020/4/25,30.394258,3.13874
90250,2020/4/26 - 2020/5/2,57.047153,5.89111
90250,2020/5/3 - 2020/5/9,54.986732,5.67834
90250,2020/5/10 - 2020/5/16,48.63605,5.02252
90250,2020/5/17 - 2020/5/23,39.25614,4.05388
90254,2020/4/12 - 2020/4/18,0.75547487,0.384466
90254,2020/4/19 - 2020/4/25,-1.6247861,-0.826863
90254,2020/4/26 - 2020/5/2,2.022978,1.02951
90254,2020/5/3 - 2020/5/9,0.4245404,0.216051
90254,2020/5/10 - 2020/5/16,-2.8687315,-1.45991
90254,2020/5/17 - 2020/5/23,-0.6253582,-0.318248
90255,2020/4/12 - 2020/4/18,20.530626,2.71713
90255,2020/4/19 - 2020/4/25,27.977041,3.70263
90255,2020/4/26 - 2020/5/2,49.718616,6.58002
90255,2020/5/3 - 2020/5/9,62.295357,8.24449
90255,2020/5/10 - 2020/5/16,52.99555,7.0137
90255,2020/5/17 - 2020/5/23,43.0592,5.69868
90262,2020/4/5 - 2020/4/11,20.944067,2.95253
90262,2020/4/12 - 2020/4/18,20.124607,2.83701
90262,2020/4/19 - 2020/4/25,24.71318,3.48387
90262,2020/4/26 - 2020/5/2,53.464565,7.53701
90262,2020/5/3 - 2020/5/9,50.41774,7.1075
90262,2020/5/10 - 2020/5/16,46.11575,6.50104
90262,2020/5/17 - 2020/5/23,48.197563,6.79451
90265,2020/4/5 - 2020/4/11,14.138793,7.68872
90265,2020/4/12 - 2020/4/18,2.860228,1.5554
90265,2020/4/19 - 2020/4/25,2.5213654,1.37113
90265,2020/4/26 - 2020/5/2,10.144155,5.51643
90265,2020/5/3 - 2020/5/9,3.209984,1.7456
90265,2020/5/10 - 2020/5/16,2.976275,1.61851
90265,2020/5/17 - 2020/5/23,3.5557582,1.93363
90266,2020/4/5 - 2020/4/11,19.964672,5.61231
90266,2020/4/12 - 2020/4/18,7.747965,2.17805
90266,2020/4/19 - 2020/4/25,2.050518,0.576425
90266,2020/4/26 - 2020/5/2,11.738036,3.2997
90266,2020/5/3 - 2020/5/9,4.8689003,1.36871
90266,2020/5/10 - 2020/5/16,1.5965401,0.448807
90266,2020/5/17 - 2020/5/23,3.571156,1.0039
90270,2020/4/12 - 2020/4/18,6.277827,2.28667
90270,2020/4/19 - 2020/4/25,6.624729,2.41303
90270,2020/4/26 - 2020/5/2,18.774836,6.83865
90270,2020/5/3 - 2020/5/9,13.176821,4.7996
90270,2020/5/10 - 2020/5/16,11.559035,4.21033
90270,2020/5/17 - 2020/5/23,13.322244,4.85257
90272,2020/4/5 - 2020/4/11,13.554413,6.01056
90272,2020/4/12 - 2020/4/18,3.282518,1.4556
90272,2020/4/19 - 2020/4/25,0.12758964,0.0565783
90272,2020/4/26 - 2020/5/2,1.7137613,0.759949
90272,2020/5/3 - 2020/5/9,0.46154588,0.204668
90272,2020/5/10 - 2020/5/16,-0.24397431,-0.108188
90272,2020/5/17 - 2020/5/23,1.0126499,0.449049
90274,2020/4/12 - 2020/4/18,3.875392,1.53305
90274,2020/4/19 - 2020/4/25,4.6658096,1.84573
90274,2020/4/26 - 2020/5/2,5.8882594,2.32931
90274,2020/5/3 - 2020/5/9,0.044180293,0.0174771
90274,2020/5/10 - 2020/5/16,-0.5007986,-0.198109
90274,2020/5/17 - 2020/5/23,1.5905567,0.629201
90275,2020/4/5 - 2020/4/11,15.652155,3.68972
90275,2020/4/12 - 2020/4/18,11.705065,2.75926
90275,2020/4/19 - 2020/4/25,10.719486,2.52693
90275,2020/4/26 - 2020/5/2,21.977766,5.18087
90275,2020/5/3 - 2020/5/9,11.875659,2.79948
90275,2020/5/10 - 2020/5/16,9.749265,2.29822
90275,2020/5/17 - 2020/5/23,14.30584,3.37235
90278,2020/4/5 - 2020/4/11,20.336544,5.00296
90278,2020/4/12 - 2020/4/18,18.68524,4.59673
90278,2020/4/19 - 2020/4/25,14.171501,3.48631
90278,2020/4/26 - 2020/5/2,17.95282,4.41655
90278,2020/5/3 - 2020/5/9,9.565618,2.35322
90278,2020/5/10 - 2020/5/16,7.970514,1.96081
90278,2020/5/17 - 2020/5/23,7.2015333,1.77164
90280,2020/4/5 - 2020/4/11,17.620289,1.85276
90280,2020/4/12 - 2020/4/18,31.619236,3.32474
90280,2020/4/19 - 2020/4/25,37.217575,3.9134
90280,2020/4/26 - 2020/5/2,66.13463,6.954
90280,2020/5/3 - 2020/5/9,64.90716,6.82493
90280,2020/5/10 - 2020/5/16,53.095318,5.58293
90280,2020/5/17 - 2020/5/23,41.218094,4.33405
90291,2020/4/5 - 2020/4/11,19.213099,6.98024
90291,2020/4/12 - 2020/4/18,4.5770082,1.66285
90291,2020/4/19 - 2020/4/25,0.45096076,0.163837
90291,2020/4/26 - 2020/5/2,8.367819,3.04008
90291,2020/5/3 - 2020/5/9,5.8310013,2.11844
90291,2020/5/10 - 2020/5/16,3.4705706,1.26088
90291,2020/5/17 - 2020/5/23,3.5383644,1.28551
90292,2020/4/12 - 2020/4/18,1.9070535,0.847956
90292,2020/4/19 - 2020/4/25,-1.482868,-0.659345
90292,2020/4/26 - 2020/5/2,1.6575942,0.737036
90292,2020/5/3 - 2020/5/9,-0.8135633,-0.361744
90292,2020/5/10 - 2020/5/16,-3.1145136,-1.38484
90292,2020/5/17 - 2020/5/23,-1.1361338,-0.505173
90293,2020/4/12 - 2020/4/18,-2.26704,-1.78591
90293,2020/4/19 - 2020/4/25,-4.8290834,-3.80423
90293,2020/4/26 - 2020/5/2,-1.2125856,-0.955243
90293,2020/5/3 - 2020/5/9,-2.9345272,-2.31174
90293,2020/5/10 - 2020/5/16,-3.8222196,-3.01104
90293,2020/5/17 - 2020/5/23,-1.6778854,-1.32179
90304,2020/4/12 - 2020/4/18,6.934977,2.70993
90304,2020/4/19 - 2020/4/25,3.1140766,1.21686
90304,2020/4/26 - 2020/5/2,11.416464,4.46112
90304,2020/5/3 - 2020/5/9,9.419813,3.68091
90304,2020/5/10 - 2020/5/16,11.132751,4.35026
90304,2020/5/17 - 2020/5/23,10.307126,4.02764
90403,2020/4/5 - 2020/4/11,27.713814,11.37957
90403,2020/4/12 - 2020/4/18,18.945871,7.77937
90403,2020/4/19 - 2020/4/25,12.456781,5.11488
90403,2020/5/3 - 2020/5/9,17.70361,7.26928
90403,2020/5/17 - 2020/5/23,19.41499,7.97199
90502,2020/4/12 - 2020/4/18,2.941023,1.61701
90502,2020/4/19 - 2020/4/25,1.3985611,0.768947
90502,2020/4/26 - 2020/5/2,5.2730665,2.8992
90502,2020/5/3 - 2020/5/9,7.2253366,3.97258
90502,2020/5/10 - 2020/5/16,5.7399416,3.15589
90502,2020/5/17 - 2020/5/23,4.932904,2.71218
90503,2020/4/5 - 2020/4/11,22.489334,5.00787
90503,2020/4/12 - 2020/4/18,27.830065,6.19713
90503,2020/4/19 - 2020/4/25,35.234787,7.84599
90503,2020/4/26 - 2020/5/2,59.598904,13.27133
90503,2020/5/3 - 2020/5/9,39.312763,8.75407
90503,2020/5/10 - 2020/5/16,33.826496,7.5324
90503,2020/5/17 - 2020/5/23,28.482574,6.34243
90505,2020/4/12 - 2020/4/18,4.723877,1.25498
90505,2020/4/19 - 2020/4/25,4.4179196,1.1737
90505,2020/4/26 - 2020/5/2,17.008059,4.51849
90505,2020/5/3 - 2020/5/9,14.173227,3.76537
90505,2020/5/10 - 2020/5/16,9.774669,2.59681
90505,2020/5/17 - 2020/5/23,7.0522227,1.87355
90601,2020/4/19 - 2020/4/25,-1.0412927,-0.31499
90601,2020/4/26 - 2020/5/2,4.8899574,1.47921
90601,2020/5/3 - 2020/5/9,3.1898057,0.964912
90601,2020/5/10 - 2020/5/16,1.0641975,0.321918
90601,2020/5/17 - 2020/5/23,1.0254846,0.310208
90602,2020/4/5 - 2020/4/11,16.999323,6.54298
90602,2020/4/12 - 2020/4/18,7.162033,2.75664
90602,2020/4/19 - 2020/4/25,12.819208,4.93407
90602,2020/4/26 - 2020/5/2,25.025064,9.63206
90602,2020/5/3 - 2020/5/9,21.238588,8.17466
90602,2020/5/10 - 2020/5/16,18.840721,7.25173
90602,2020/5/17 - 2020/5/23,25.255716,9.72084
90604,2020/4/5 - 2020/4/11,15.298788,3.63711
90604,2020/4/12 - 2020/4/18,7.6934733,1.82904
90604,2020/4/19 - 2020/4/25,7.238484,1.72087
90604,2020/4/26 - 2020/5/2,22.986412,5.46476
90604,2020/5/3 - 2020/5/9,17.683405,4.20403
90604,2020/5/10 - 2020/5/16,10.802648,2.56821
90604,2020/5/17 - 2020/5/23,10.099892,2.40113
90606,2020/4/19 - 2020/4/25,0.83444536,0.254381
90606,2020/4/26 - 2020/5/2,11.132686,3.3938
90606,2020/5/3 - 2020/5/9,7.699712,2.34726
90606,2020/5/10 - 2020/5/16,5.0337954,1.53455
90606,2020/5/17 - 2020/5/23,7.7885137,2.37433
90631,2020/4/26 - 2020/5/2,9.467374,1.40011
90631,2020/5/3 - 2020/5/9,6.5703077,0.971666
90631,2020/5/10 - 2020/5/16,2.636633,0.389925
90631,2020/5/17 - 2020/5/23,3.2791383,0.484943
90638,2020/4/5 - 2020/4/11,16.990765,3.44061
90638,2020/4/12 - 2020/4/18,9.140264,1.85089
90638,2020/4/19 - 2020/4/25,6.671379,1.35095
90638,2020/4/26 - 2020/5/2,21.876453,4.42996
90638,2020/5/3 - 2020/5/9,16.387695,3.31849
90638,2020/5/10 - 2020/5/16,13.349584,2.70328
90638,2020/5/17 - 2020/5/23,9.68938,1.96209
90640,2020/4/12 - 2020/4/18,10.180621,1.61144
90640,2020/4/19 - 2020/4/25,20.032251,3.17081
90640,2020/4/26 - 2020/5/2,38.58723,6.1078
90640,2020/5/3 - 2020/5/9,29.351828,4.64597
90640,2020/5/10 - 2020/5/16,28.891386,4.57309
90640,2020/5/17 - 2020/5/23,36.96689,5.85132
90650,2020/4/12 - 2020/4/18,28.999296,2.73873
90650,2020/4/19 - 2020/4/25,29.154684,2.7534
90650,2020/4/26 - 2020/5/2,57.407486,5.42163
90650,2020/5/3 - 2020/5/9,51.930626,4.90439
90650,2020/5/10 - 2020/5/16,39.947586,3.7727
90650,2020/5/17 - 2020/5/23,33.30911,3.14575
90660,2020/4/12 - 2020/4/18,17.613039,2.77896
90660,2020/4/19 - 2020/4/25,19.843908,3.13094
90660,2020/4/26 - 2020/5/2,39.339546,6.20693
90660,2020/5/3 - 2020/5/9,42.729836,6.74185
90660,2020/5/10 - 2020/5/16,39.606632,6.24907
90660,2020/5/17 - 2020/5/23,46.58815,7.35061
90670,2020/4/19 - 2020/4/25,-0.6723147,-0.405546
90670,2020/4/26 - 2020/5/2,9.000289,5.42906
90670,2020/5/3 - 2020/5/9,2.6468956,1.59663
90670,2020/5/10 - 2020/5/16,2.8859894,1.74085
90670,2020/5/17 - 2020/5/23,3.7217197,2.24498
90701,2020/4/12 - 2020/4/18,-1.7820435,-1.05709
90701,2020/4/19 - 2020/4/25,-2.940167,-1.74408
90701,2020/4/26 - 2020/5/2,3.9662654,2.35275
90701,2020/5/3 - 2020/5/9,-0.24161144,-0.143322
90701,2020/5/10 - 2020/5/16,-2.7255275,-1.61676
90701,2020/5/17 - 2020/5/23,-0.8609697,-0.510719
90703,2020/4/5 - 2020/4/11,12.155501,2.38516
90703,2020/4/12 - 2020/4/18,8.221594,1.61325
90703,2020/4/19 - 2020/4/25,6.432309,1.26215
90703,2020/4/26 - 2020/5/2,16.19206,3.17722
90703,2020/5/3 - 2020/5/9,8.005879,1.57092
90703,2020/5/10 - 2020/5/16,4.684734,0.919242
90703,2020/5/17 - 2020/5/23,6.326605,1.24141
90706,2020/4/5 - 2020/4/11,16.932596,2.18403
90706,2020/4/12 - 2020/4/18,19.900003,2.56678
90706,2020/4/19 - 2020/4/25,18.75063,2.41853
90706,2020/4/26 - 2020/5/2,40.964996,5.28383
90706,2020/5/3 - 2020/5/9,36.46185,4.703
90706,2020/5/10 - 2020/5/16,31.517138,4.06521
90706,2020/5/17 - 2020/5/23,29.535023,3.80955
90710,2020/4/12 - 2020/4/18,6.91252,2.45255
90710,2020/4/19 - 2020/4/25,2.7956705,0.9919
90710,2020/4/26 - 2020/5/2,7.3177247,2.59632
90710,2020/5/3 - 2020/5/9,5.3925443,1.91327
90710,2020/5/10 - 2020/5/16,4.9766893,1.76572
90710,2020/5/17 - 2020/5/23,5.374844,1.90699
90713,2020/4/5 - 2020/4/11,16.85491,5.79984
90713,2020/4/12 - 2020/4/18,9.26425,3.18786
90713,2020/4/19 - 2020/4/25,7.152826,2.46131
90713,2020/4/26 - 2020/5/2,15.435387,5.31138
90713,2020/5/3 - 2020/5/9,15.317305,5.27074
90713,2020/5/10 - 2020/5/16,10.290585,3.54103
90713,2020/5/17 - 2020/5/23,11.820513,4.06748
90716,2020/4/12 - 2020/4/18,-0.038577233,-0.0268943
90716,2020/4/19 - 2020/4/25,-2.8625002,-1.99561
90716,2020/4/26 - 2020/5/2,4.1131396,2.8675
90716,2020/5/3 - 2020/5/9,2.0931473,1.45925
90716,2020/5/10 - 2020/5/16,-0.9426999,-0.657209
90716,2020/5/17 - 2020/5/23,1.1501716,0.801849
90717,2020/4/5 - 2020/4/11,16.998829,7.83501
90717,2020/4/12 - 2020/4/18,2.9998116,1.38266
90717,2020/4/19 - 2020/4/25,2.4839773,1.1449
90717,2020/4/26 - 2020/5/2,11.402545,5.2556
90717,2020/5/3 - 2020/5/9,2.942486,1.35623
90717,2020/5/10 - 2020/5/16,0.043322995,0.0199682
90717,2020/5/17 - 2020/5/23,2.432001,1.12094
90723,2020/4/5 - 2020/4/11,16.587402,3.02822
90723,2020/4/12 - 2020/4/18,11.986842,2.18834
90723,2020/4/19 - 2020/4/25,12.267808,2.23963
90723,2020/4/26 - 2020/5/2,36.865833,6.73029
90723,2020/5/3 - 2020/5/9,36.960323,6.74754
90723,2020/5/10 - 2020/5/16,30.886318,5.63866
90723,2020/5/17 - 2020/5/23,22.463198,4.10092
90731,2020/4/5 - 2020/4/11,19.02168,3.07545
90731,2020/4/12 - 2020/4/18,15.297921,2.47339
90731,2020/4/19 - 2020/4/25,14.925051,2.4131
90731,2020/4/26 - 2020/5/2,41.10169,6.64538
90731,2020/5/3 - 2020/5/9,54.95609,8.88538
90731,2020/5/10 - 2020/5/16,145.48215,23.52177
90731,2020/5/17 - 2020/5/23,92.914734,15.02259
90732,2020/4/12 - 2020/4/18,-0.025724858,-0.0115498
90732,2020/4/19 - 2020/4/25,-0.8174353,-0.367007
90732,2020/4/26 - 2020/5/2,4.5590262,2.04688
90732,2020/5/3 - 2020/5/9,-0.613937,-0.275642
90732,2020/5/10 - 2020/5/16,-1.7979496,-0.807233
90732,2020/5/17 - 2020/5/23,0.09029013,0.0405379
90744,2020/4/5 - 2020/4/11,20.488174,3.58147
90744,2020/4/12 - 2020/4/18,13.648373,2.38583
90744,2020/4/19 - 2020/4/25,13.769041,2.40692
90744,2020/4/26 - 2020/5/2,35.06291,6.12924
90744,2020/5/3 - 2020/5/9,24.638021,4.30689
90744,2020/5/10 - 2020/5/16,24.886827,4.35039
90744,2020/5/17 - 2020/5/23,20.46998,3.57829
90745,2020/4/19 - 2020/4/25,4.178663,0.735408
90745,2020/4/26 - 2020/5/2,17.372772,3.05746
90745,2020/5/3 - 2020/5/9,6.6309996,1.167
90745,2020/5/10 - 2020/5/16,3.1618266,0.556454
90745,2020/5/17 - 2020/5/23,4.1538224,0.731036
90746,2020/4/5 - 2020/4/11,21.762856,8.06151
90746,2020/4/12 - 2020/4/18,28.911007,10.70937
90746,2020/4/19 - 2020/4/25,30.230965,11.19831
90746,2020/4/26 - 2020/5/2,45.465263,16.84148
90746,2020/5/3 - 2020/5/9,47.435184,17.57119
90746,2020/5/10 - 2020/5/16,41.5201,15.38009
90746,2020/5/17 - 2020/5/23,38.720413,14.34302
90755,2020/4/5 - 2020/4/11,40.622265,36.68256
90755,2020/4/12 - 2020/4/18,82.64067,74.62585
90755,2020/4/19 - 2020/4/25,114.3409,103.25167
90755,2020/4/26 - 2020/5/2,152.05615,137.30915
90755,2020/5/3 - 2020/5/9,146.22961,132.04769
90755,2020/5/10 - 2020/5/16,174.66817,157.72817
90755,2020/5/17 - 2020/5/23,196.80501,177.71809
91001,2020/4/5 - 2020/4/11,16.690626,4.42593
91001,2020/4/12 - 2020/4/18,8.024928,2.12801
91001,2020/4/19 - 2020/4/25,5.7111807,1.51446
91001,2020/4/26 - 2020/5/2,12.892128,3.41867
91001,2020/5/3 - 2020/5/9,9.224185,2.44602
91001,2020/5/10 - 2020/5/16,5.960333,1.58053
91001,2020/5/17 - 2020/5/23,11.703393,3.10344
91006,2020/4/26 - 2020/5/2,2.676878,0.81088
91006,2020/5/3 - 2020/5/9,-0.77250516,-0.234007
91006,2020/5/10 - 2020/5/16,-2.138006,-0.647645
91006,2020/5/17 - 2020/5/23,-0.8926862,-0.270413
91007,2020/4/5 - 2020/4/11,15.719678,4.55339
91007,2020/4/12 - 2020/4/18,1.4972955,0.43371
91007,2020/4/19 - 2020/4/25,-0.4418116,-0.127976
91007,2020/4/26 - 2020/5/2,7.398158,2.14296
91007,2020/5/3 - 2020/5/9,2.365309,0.68514
91007,2020/5/10 - 2020/5/16,0.8332657,0.241365
91007,2020/5/17 - 2020/5/23,2.2588482,0.654302
91008,2020/4/12 - 2020/4/18,1.7280148,12.42282
91008,2020/4/19 - 2020/4/25,-2.115851,-15.21101
91008,2020/4/26 - 2020/5/2,27.73465,199.38641
91008,2020/5/3 - 2020/5/9,29.980225,215.53001
91008,2020/5/10 - 2020/5/16,25.94062,186.489
91008,2020/5/17 - 2020/5/23,15.310095,110.06538
91010,2020/5/3 - 2020/5/9,0.5164873,0.194161
91010,2020/5/10 - 2020/5/16,-0.6821524,-0.256439
91010,2020/5/17 - 2020/5/23,0.4750111,0.178569
91011,2020/4/5 - 2020/4/11,11.845985,5.80032
91011,2020/4/12 - 2020/4/18,0.6413339,0.314025
91011,2020/4/19 - 2020/4/25,-1.7921788,-0.87753
91011,2020/4/26 - 2020/5/2,2.1061058,1.03124
91011,2020/5/3 - 2020/5/9,2.300204,1.12628
91011,2020/5/10 - 2020/5/16,0.1388585,0.0679912
91011,2020/5/17 - 2020/5/23,1.9411665,0.950481
91016,2020/4/12 - 2020/4/18,4.452537,1.0685
91016,2020/4/19 - 2020/4/25,2.5353887,0.60843
91016,2020/4/26 - 2020/5/2,13.212,3.17055
91016,2020/5/3 - 2020/5/9,9.570106,2.29659
91016,2020/5/10 - 2020/5/16,10.72477,2.57368
91016,2020/5/17 - 2020/5/23,15.861368,3.80633
91024,2020/4/19 - 2020/4/25,-3.212922,-2.91925
91024,2020/4/26 - 2020/5/2,0.16278134,0.147902
91024,2020/5/3 - 2020/5/9,-1.11671,-1.01464
91024,2020/5/10 - 2020/5/16,-1.8289008,-1.66173
91024,2020/5/17 - 2020/5/23,-0.2415583,-0.219479
91030,2020/4/5 - 2020/4/11,16.34642,6.3373
91030,2020/4/12 - 2020/4/18,1.317458,0.510761
91030,2020/4/19 - 2020/4/25,-1.5609989,-0.605179
91030,2020/4/26 - 2020/5/2,7.5416703,2.92381
91030,2020/5/3 - 2020/5/9,12.922239,5.00978
91030,2020/5/10 - 2020/5/16,15.676263,6.07748
91030,2020/5/17 - 2020/5/23,7.6642294,2.97132
91040,2020/4/5 - 2020/4/11,13.461892,6.66199
91040,2020/4/12 - 2020/4/18,7.061964,3.49481
91040,2020/4/19 - 2020/4/25,11.270016,5.57728
91040,2020/4/26 - 2020/5/2,20.204708,9.99887
91040,2020/5/3 - 2020/5/9,23.071884,11.41777
91040,2020/5/10 - 2020/5/16,32.7835,16.22383
91040,2020/5/17 - 2020/5/23,23.184546,11.47352
91042,2020/4/5 - 2020/4/11,14.442543,5.42321
91042,2020/4/12 - 2020/4/18,3.151245,1.1833
91042,2020/4/19 - 2020/4/25,0.16250148,0.0610197
91042,2020/4/26 - 2020/5/2,8.767041,3.29204
91042,2020/5/3 - 2020/5/9,12.578792,4.72336
91042,2020/5/10 - 2020/5/16,10.835898,4.0689
91042,2020/5/17 - 2020/5/23,8.2496,3.09774
91104,2020/4/5 - 2020/4/11,17.538216,4.61848
91104,2020/4/12 - 2020/4/18,20.910328,5.50649
91104,2020/4/19 - 2020/4/25,35.11314,9.24663
91104,2020/4/26 - 2020/5/2,86.15577,22.68809
91104,2020/5/3 - 2020/5/9,89.83153,23.65606
91104,2020/5/10 - 2020/5/16,88.43598,23.28856
91104,2020/5/17 - 2020/5/23,100.49362,26.4638
91108,2020/4/12 - 2020/4/18,-1.9756899,-1.45937
91108,2020/4/19 - 2020/4/25,-4.165135,-3.07663
91108,2020/4/26 - 2020/5/2,-2.9548898,-2.18266
91108,2020/5/3 - 2020/5/9,-2.0035095,-1.47992
91108,2020/5/10 - 2020/5/16,-2.354006,-1.73881
91108,2020/5/17 - 2020/5/23,-0.27282485,-0.201525
91208,2020/4/5 - 2020/4/11,25.6329,18.93404
91208,2020/4/12 - 2020/4/18,41.82861,30.89719
91208,2020/4/19 - 2020/4/25,79.78813,58.93642
91208,2020/4/26 - 2020/5/2,110.22621,81.41986
91208,2020/5/3 - 2020/5/9,123.09032,90.92209
91208,2020/5/10 - 2020/5/16,140.1547,103.52689
91208,2020/5/17 - 2020/5/23,130.36597,96.29633
91301,2020/4/12 - 2020/4/18,4.422902,1.72561
91301,2020/4/19 - 2020/4/25,0.050925307,0.0198686
91301,2020/4/26 - 2020/5/2,4.821352,1.88106
91301,2020/5/3 - 2020/5/9,2.6068826,1.01708
91301,2020/5/10 - 2020/5/16,0.03555418,0.0138716
91301,2020/5/17 - 2020/5/23,1.025612,0.400145
91302,2020/4/5 - 2020/4/11,14.038012,5.27071
91302,2020/4/12 - 2020/4/18,3.4007683,1.27685
91302,2020/4/19 - 2020/4/25,-0.053565763,-0.0201118
91302,2020/4/26 - 2020/5/2,5.1215515,1.92294
91302,2020/5/3 - 2020/5/9,3.812905,1.43159
91302,2020/5/10 - 2020/5/16,2.8979528,1.08807
91302,2020/5/17 - 2020/5/23,2.8650532,1.07571
91304,2020/4/5 - 2020/4/11,15.947389,2.96635
91304,2020/4/12 - 2020/4/18,20.47245,3.80805
91304,2020/4/19 - 2020/4/25,29.318514,5.45349
91304,2020/4/26 - 2020/5/2,53.13709,9.88395
91304,2020/5/3 - 2020/5/9,68.028305,12.65384
91304,2020/5/10 - 2020/5/16,85.854805,15.96972
91304,2020/5/17 - 2020/5/23,64.10438,11.92396
91306,2020/4/5 - 2020/4/11,16.01128,3.25711
91306,2020/4/12 - 2020/4/18,11.697528,2.37958
91306,2020/4/19 - 2020/4/25,9.378806,1.90789
91306,2020/4/26 - 2020/5/2,28.345484,5.7662
91306,2020/5/3 - 2020/5/9,32.316444,6.57399
91306,2020/5/10 - 2020/5/16,36.441723,7.41318
91306,2020/5/17 - 2020/5/23,24.604908,5.00527
91311,2020/4/12 - 2020/4/18,8.754415,2.16586
91311,2020/4/19 - 2020/4/25,7.251727,1.79409
91311,2020/4/26 - 2020/5/2,17.172323,4.24847
91311,2020/5/3 - 2020/5/9,14.236351,3.52211
91311,2020/5/10 - 2020/5/16,18.053864,4.46657
91311,2020/5/17 - 2020/5/23,10.983213,2.71727
91316,2020/4/5 - 2020/4/11,19.030762,6.35121
91316,2020/4/12 - 2020/4/18,6.134133,2.04717
91316,2020/4/19 - 2020/4/25,3.4541154,1.15276
91316,2020/4/26 - 2020/5/2,11.333398,3.78234
91316,2020/5/3 - 2020/5/9,8.669222,2.89321
91316,2020/5/10 - 2020/5/16,5.654557,1.88712
91316,2020/5/17 - 2020/5/23,6.353607,2.12041
91326,2020/4/12 - 2020/4/18,5.3451395,1.44327
91326,2020/4/19 - 2020/4/25,2.432876,0.656913
91326,2020/4/26 - 2020/5/2,9.454934,2.55297
91326,2020/5/3 - 2020/5/9,5.7030134,1.5399
91326,2020/5/10 - 2020/5/16,3.6339247,0.981214
91326,2020/5/17 - 2020/5/23,2.6472023,0.714784
91330,2020/4/5 - 2020/4/11,12.295698,37.56706
91330,2020/4/12 - 2020/4/18,14.52854,44.38906
91330,2020/4/19 - 2020/4/25,20.631874,63.03658
91330,2020/4/26 - 2020/5/2,38.8956,118.83776
91330,2020/5/3 - 2020/5/9,33.715218,103.01014
91330,2020/5/10 - 2020/5/16,32.068783,97.97978
91330,2020/5/17 - 2020/5/23,20.808664,63.57673
91331,2020/4/12 - 2020/4/18,29.80154,2.81681
91331,2020/4/19 - 2020/4/25,37.17748,3.51397
91331,2020/4/26 - 2020/5/2,70.98299,6.70923
91331,2020/5/3 - 2020/5/9,97.091034,9.17693
91331,2020/5/10 - 2020/5/16,107.31586,10.14337
91331,2020/5/17 - 2020/5/23,105.17366,9.94089
91335,2020/4/5 - 2020/4/11,17.469868,2.16952
91335,2020/4/12 - 2020/4/18,20.941507,2.60065
91335,2020/4/19 - 2020/4/25,29.333172,3.64279
91335,2020/4/26 - 2020/5/2,51.062447,6.34127
91335,2020/5/3 - 2020/5/9,52.980072,6.57941
91335,2020/5/10 - 2020/5/16,56.632027,7.03294
91335,2020/5/17 - 2020/5/23,55.88981,6.94076
91340,2020/4/5 - 2020/4/11,15.727215,4.3413
91340,2020/4/12 - 2020/4/18,5.4570436,1.50635
91340,2020/4/19 - 2020/4/25,6.0107255,1.65918
91340,2020/4/26 - 2020/5/2,18.105991,4.99793
91340,2020/5/3 - 2020/5/9,20.25694,5.59167
91340,2020/5/10 - 2020/5/16,21.593967,5.96074
91340,2020/5/17 - 2020/5/23,22.57612,6.23185
91342,2020/4/5 - 2020/4/11,17.769842,1.84168
91342,2020/4/12 - 2020/4/18,32.416134,3.35964
91342,2020/4/19 - 2020/4/25,36.62373,3.79572
91342,2020/4/26 - 2020/5/2,65.51372,6.7899
91342,2020/5/3 - 2020/5/9,79.31366,8.22014
91342,2020/5/10 - 2020/5/16,75.89344,7.86566
91342,2020/5/17 - 2020/5/23,74.36603,7.70736
91343,2020/4/12 - 2020/4/18,11.580276,1.73904
91343,2020/4/19 - 2020/4/25,16.13718,2.42336
91343,2020/4/26 - 2020/5/2,35.023205,5.25953
91343,2020/5/3 - 2020/5/9,40.710682,6.11363
91343,2020/5/10 - 2020/5/16,44.080257,6.61965
91343,2020/5/17 - 2020/5/23,43.005005,6.45818
91344,2020/4/5 - 2020/4/11,14.566856,2.73474
91344,2020/4/12 - 2020/4/18,11.420157,2.14399
91344,2020/4/19 - 2020/4/25,11.50003,2.15898
91344,2020/4/26 - 2020/5/2,26.88583,5.04747
91344,2020/5/3 - 2020/5/9,25.834223,4.85004
91344,2020/5/10 - 2020/5/16,17.718678,3.32645
91344,2020/5/17 - 2020/5/23,19.74299,3.70649
91345,2020/4/12 - 2020/4/18,1.3309622,0.693029
91345,2020/4/19 - 2020/4/25,0.94440615,0.49175
91345,2020/4/26 - 2020/5/2,12.690334,6.60783
91345,2020/5/3 - 2020/5/9,12.947274,6.74162
91345,2020/5/10 - 2020/5/16,11.452992,5.96355
91345,2020/5/17 - 2020/5/23,9.879088,5.14402
91350,2020/4/5 - 2020/4/11,20.12487,5.38818
91350,2020/4/12 - 2020/4/18,31.306221,8.38185
91350,2020/4/19 - 2020/4/25,27.924417,7.47642
91350,2020/4/26 - 2020/5/2,59.96014,16.05359
91350,2020/5/3 - 2020/5/9,69.15992,18.51671
91350,2020/5/10 - 2020/5/16,70.42125,18.85442
91350,2020/5/17 - 2020/5/23,62.27039,16.67213
91352,2020/4/5 - 2020/4/11,15.141957,3.19195
91352,2020/4/12 - 2020/4/18,10.129342,2.13528
91352,2020/4/19 - 2020/4/25,10.50234,2.21391
91352,2020/4/26 - 2020/5/2,29.547203,6.22859
91352,2020/5/3 - 2020/5/9,27.516663,5.80055
91352,2020/5/10 - 2020/5/16,34.413895,7.2545
91352,2020/5/17 - 2020/5/23,32.477444,6.84629
91354,2020/4/12 - 2020/4/18,-0.22562744,-0.0702977
91354,2020/4/19 - 2020/4/25,-2.1710403,-0.676421
91354,2020/4/26 - 2020/5/2,4.628269,1.44201
91354,2020/5/3 - 2020/5/9,0.72940165,0.227256
91354,2020/5/10 - 2020/5/16,-0.48110202,-0.149895
91354,2020/5/17 - 2020/5/23,0.90246946,0.281178
91356,2020/4/5 - 2020/4/11,17.297295,5.61528
91356,2020/4/12 - 2020/4/18,6.814355,2.21217
91356,2020/4/19 - 2020/4/25,2.4388347,0.791727
91356,2020/4/26 - 2020/5/2,11.585179,3.76093
91356,2020/5/3 - 2020/5/9,9.666946,3.13821
91356,2020/5/10 - 2020/5/16,5.36626,1.74207
91356,2020/5/17 - 2020/5/23,6.9788275,2.26556
91361,2020/4/19 - 2020/4/25,-1.5209717,-0.744188
91361,2020/4/26 - 2020/5/2,2.0305061,0.993495
91361,2020/5/3 - 2020/5/9,-1.1612327,-0.568173
91361,2020/5/10 - 2020/5/16,-1.7904996,-0.876064
91361,2020/5/17 - 2020/5/23,0.87551415,0.428376
91364,2020/4/5 - 2020/4/11,17.991678,6.58072
91364,2020/4/12 - 2020/4/18,12.448079,4.55306
91364,2020/4/19 - 2020/4/25,11.258477,4.11795
91364,2020/4/26 - 2020/5/2,20.528257,7.50851
91364,2020/5/3 - 2020/5/9,12.703176,4.64637
91364,2020/5/10 - 2020/5/16,9.77973,3.57708
91364,2020/5/17 - 2020/5/23,9.211419,3.36921
91381,2020/4/5 - 2020/4/11,12.499083,6.13572
91381,2020/4/12 - 2020/4/18,1.0781056,0.529235
91381,2020/4/19 - 2020/4/25,-0.74559236,-0.366007
91381,2020/4/26 - 2020/5/2,3.641488,1.78758
91381,2020/5/3 - 2020/5/9,0.12325711,0.0605062
91381,2020/5/10 - 2020/5/16,-0.8379927,-0.411366
91381,2020/5/17 - 2020/5/23,1.8999383,0.932668
91387,2020/4/12 - 2020/4/18,4.909356,1.12299
91387,2020/4/19 - 2020/4/25,3.253235,0.744158
91387,2020/4/26 - 2020/5/2,13.010536,2.97608
91387,2020/5/3 - 2020/5/9,6.257163,1.43129
91387,2020/5/10 - 2020/5/16,4.0407796,0.924304
91387,2020/5/17 - 2020/5/23,3.5824885,0.819473
91390,2020/4/19 - 2020/4/25,-2.3162956,-1.21571
91390,2020/4/26 - 2020/5/2,1.353298,0.710281
91390,2020/5/3 - 2020/5/9,-0.37259725,-0.195558
91390,2020/5/10 - 2020/5/16,-1.1133268,-0.584331
91390,2020/5/17 - 2020/5/23,1.5169992,0.7962
91401,2020/4/5 - 2020/4/11,17.265705,4.16925
91401,2020/4/12 - 2020/4/18,8.388241,2.02556
91401,2020/4/19 - 2020/4/25,5.412526,1.30699
91401,2020/4/26 - 2020/5/2,16.61572,4.0123
91401,2020/5/3 - 2020/5/9,17.551104,4.23817
91401,2020/5/10 - 2020/5/16,12.007676,2.89956
91401,2020/5/17 - 2020/5/23,7.144897,1.72532
91402,2020/4/12 - 2020/4/18,22.732168,3.21594
91402,2020/4/19 - 2020/4/25,29.491602,4.1722
91402,2020/4/26 - 2020/5/2,55.421776,7.84056
91402,2020/5/3 - 2020/5/9,83.389915,11.79723
91402,2020/5/10 - 2020/5/16,94.91015,13.42701
91402,2020/5/17 - 2020/5/23,91.30742,12.91733
91405,2020/4/5 - 2020/4/11,19.395266,3.50196
91405,2020/4/12 - 2020/4/18,21.236113,3.83434
91405,2020/4/19 - 2020/4/25,33.751713,6.09413
91405,2020/4/26 - 2020/5/2,65.194824,11.77142
91405,2020/5/3 - 2020/5/9,88.04697,15.89755
91405,2020/5/10 - 2020/5/16,87.48216,15.79557
91405,2020/5/17 - 2020/5/23,87.63216,15.82265
91406,2020/4/5 - 2020/4/11,16.06482,2.9095
91406,2020/4/12 - 2020/4/18,12.240149,2.21682
91406,2020/4/19 - 2020/4/25,8.918788,1.61528
91406,2020/4/26 - 2020/5/2,23.787254,4.30811
91406,2020/5/3 - 2020/5/9,17.58165,3.18422
91406,2020/5/10 - 2020/5/16,23.24527,4.20996
91406,2020/5/17 - 2020/5/23,20.925404,3.7898
91423,2020/4/5 - 2020/4/11,20.442919,6.0595
91423,2020/4/12 - 2020/4/18,15.2344675,4.51566
91423,2020/4/19 - 2020/4/25,16.389301,4.85796
91423,2020/4/26 - 2020/5/2,22.626093,6.70661
91423,2020/5/3 - 2020/5/9,18.520576,5.48969
91423,2020/5/10 - 2020/5/16,14.340508,4.25068
91423,2020/5/17 - 2020/5/23,23.307352,6.90854
91502,2020/4/5 - 2020/4/11,22.738998,19.60596
91502,2020/4/12 - 2020/4/18,27.5018,23.71254
91502,2020/4/19 - 2020/4/25,34.777843,29.98607
91502,2020/4/26 - 2020/5/2,45.0975,38.88386
91502,2020/5/3 - 2020/5/9,64.322266,55.45979
91502,2020/5/10 - 2020/5/16,60.892044,52.50219
91502,2020/5/17 - 2020/5/23,47.300613,40.78342
91601,2020/4/26 - 2020/5/2,5.846746,1.57658
91601,2020/5/3 - 2020/5/9,0.18610549,0.0501835
91601,2020/5/10 - 2020/5/16,-1.7100058,-0.461104
91601,2020/5/17 - 2020/5/23,-0.97214556,-0.26214
91602,2020/4/12 - 2020/4/18,-0.57446593,-0.296759
91602,2020/4/19 - 2020/4/25,-3.7441843,-1.93418
91602,2020/4/26 - 2020/5/2,-0.41198686,-0.212825
91602,2020/5/3 - 2020/5/9,-3.1364667,-1.62024
91602,2020/5/10 - 2020/5/16,-3.7423244,-1.93322
91602,2020/5/17 - 2020/5/23,-0.8142966,-0.420651
91604,2020/4/5 - 2020/4/11,18.214735,5.67137
91604,2020/4/12 - 2020/4/18,5.9006033,1.83722
91604,2020/4/19 - 2020/4/25,0.4522148,0.140802
91604,2020/4/26 - 2020/5/2,6.8712516,2.13944
91604,2020/5/3 - 2020/5/9,4.3855867,1.3655
91604,2020/5/10 - 2020/5/16,4.994601,1.55513
91604,2020/5/17 - 2020/5/23,5.5884137,1.74002
91606,2020/4/5 - 2020/4/11,27.380127,6.15616
91606,2020/4/12 - 2020/4/18,41.719536,9.38024
91606,2020/4/19 - 2020/4/25,41.25541,9.27588
91606,2020/4/26 - 2020/5/2,67.231476,15.11635
91606,2020/5/3 - 2020/5/9,95.338745,21.436
91606,2020/5/10 - 2020/5/16,104.037094,23.39174
91606,2020/5/17 - 2020/5/23,89.91357,20.2162
91607,2020/4/12 - 2020/4/18,4.497882,1.4569
91607,2020/4/19 - 2020/4/25,1.8599323,0.602446
91607,2020/4/26 - 2020/5/2,13.059307,4.23001
91607,2020/5/3 - 2020/5/9,19.229551,6.2286
91607,2020/5/10 - 2020/5/16,25.299772,8.19479
91607,2020/5/17 - 2020/5/23,19.626299,6.35711
91702,2020/4/12 - 2020/4/18,10.22077,1.63931
91702,2020/4/19 - 2020/4/25,9.38742,1.50565
91702,2020/4/26 - 2020/5/2,23.631538,3.79026
91702,2020/5/3 - 2020/5/9,24.790367,3.97613
91702,2020/5/10 - 2020/5/16,25.658192,4.11532
91702,2020/5/17 - 2020/5/23,21.801676,3.49677
91706,2020/4/19 - 2020/4/25,13.714492,1.77323
91706,2020/4/26 - 2020/5/2,33.48414,4.32936
91706,2020/5/3 - 2020/5/9,25.35247,3.27797
91706,2020/5/10 - 2020/5/16,22.62184,2.92491
91706,2020/5/17 - 2020/5/23,27.473034,3.55215
91711,2020/4/12 - 2020/4/18,0.5365806,0.145596
91711,2020/4/19 - 2020/4/25,-0.051950358,-0.0140963
91711,2020/4/26 - 2020/5/2,5.1788273,1.40523
91711,2020/5/3 - 2020/5/9,1.4769224,0.40075
91711,2020/5/10 - 2020/5/16,-0.24998955,-0.0678324
91711,2020/5/17 - 2020/5/23,1.8190867,0.493593
91723,2020/4/5 - 2020/4/11,17.142408,9.08207
91723,2020/4/12 - 2020/4/18,8.608754,4.56093
91723,2020/4/19 - 2020/4/25,13.246056,7.01778
91723,2020/4/26 - 2020/5/2,22.517412,11.92975
91723,2020/5/3 - 2020/5/9,18.14508,9.61329
91723,2020/5/10 - 2020/5/16,17.351898,9.19306
91723,2020/5/17 - 2020/5/23,14.54211,7.70443
91724,2020/4/19 - 2020/4/25,-0.1743313,-0.0668166
91724,2020/4/26 - 2020/5/2,6.6933146,2.56537
91724,2020/5/3 - 2020/5/9,2.3363664,0.895468
91724,2020/5/10 - 2020/5/16,0.5444699,0.208681
91724,2020/5/17 - 2020/5/23,3.675943,1.40889
91731,2020/4/19 - 2020/4/25,7.3056607,2.42399
91731,2020/4/26 - 2020/5/2,24.431988,8.10644
91731,2020/5/3 - 2020/5/9,44.186356,14.66086
91731,2020/5/10 - 2020/5/16,44.04658,14.61448
91731,2020/5/17 - 2020/5/23,41.805565,13.87092
91733,2020/4/5 - 2020/4/11,18.198425,4.04697
91733,2020/4/19 - 2020/4/25,-0.08869723,-0.0197245
91733,2020/4/26 - 2020/5/2,11.2230625,2.49579
91733,2020/5/3 - 2020/5/9,7.9978313,1.77856
91733,2020/5/10 - 2020/5/16,8.387894,1.8653
91733,2020/5/17 - 2020/5/23,7.9991326,1.77885
91741,2020/4/5 - 2020/4/11,16.512001,6.2157
91741,2020/4/12 - 2020/4/18,5.321578,2.00323
91741,2020/4/19 - 2020/4/25,3.1063325,1.16933
91741,2020/4/26 - 2020/5/2,12.422779,4.67637
91741,2020/5/3 - 2020/5/9,7.0496225,2.65373
91741,2020/5/10 - 2020/5/16,4.156901,1.5648
91741,2020/5/17 - 2020/5/23,11.090037,4.17468
91744,2020/4/12 - 2020/4/18,16.002094,1.83426
91744,2020/4/19 - 2020/4/25,17.109163,1.96116
91744,2020/4/26 - 2020/5/2,38.589035,4.42332
91744,2020/5/3 - 2020/5/9,31.464735,3.60669
91744,2020/5/10 - 2020/5/16,25.349537,2.90572
91744,2020/5/17 - 2020/5/23,26.06006,2.98717
91745,2020/4/12 - 2020/4/18,7.6258097,1.38714
91745,2020/4/19 - 2020/4/25,7.917645,1.44023
91745,2020/4/26 - 2020/5/2,18.121027,3.29623
91745,2020/5/3 - 2020/5/9,9.395272,1.70901
91745,2020/5/10 - 2020/5/16,6.1839066,1.12486
91745,2020/5/17 - 2020/5/23,7.80701,1.4201
91746,2020/4/19 - 2020/4/25,-2.520442,-0.820777
91746,2020/4/26 - 2020/5/2,12.73592,4.14743
91746,2020/5/3 - 2020/5/9,10.532917,3.43002
91746,2020/5/10 - 2020/5/16,3.9218102,1.27713
91746,2020/5/17 - 2020/5/23,4.203145,1.36875
91748,2020/4/12 - 2020/4/18,2.80749,0.596273
91748,2020/4/19 - 2020/4/25,2.3226833,0.493306
91748,2020/4/26 - 2020/5/2,13.810376,2.93314
91748,2020/5/3 - 2020/5/9,9.318029,1.97902
91748,2020/5/10 - 2020/5/16,6.5690775,1.39518
91748,2020/5/17 - 2020/5/23,5.188541,1.10198
91750,2020/4/5 - 2020/4/11,13.342913,3.94341
91750,2020/4/12 - 2020/4/18,4.301915,1.2714
91750,2020/4/19 - 2020/4/25,1.4696424,0.434343
91750,2020/4/26 - 2020/5/2,9.926823,2.93381
91750,2020/5/3 - 2020/5/9,5.097264,1.50646
91750,2020/5/10 - 2020/5/16,1.5493852,0.45791
91750,2020/5/17 - 2020/5/23,3.7069738,1.09557
91754,2020/4/5 - 2020/4/11,15.226921,4.60612
91754,2020/4/12 - 2020/4/18,2.9188786,0.882957
91754,2020/4/19 - 2020/4/25,3.6032286,1.08997
91754,2020/4/26 - 2020/5/2,10.033446,3.0351
91754,2020/5/3 - 2020/5/9,9.607193,2.90616
91754,2020/5/10 - 2020/5/16,7.9141884,2.39403
91754,2020/5/17 - 2020/5/23,9.76514,2.95394
91765,2020/4/5 - 2020/4/11,14.141196,2.99989
91765,2020/4/12 - 2020/4/18,5.0108824,1.063
91765,2020/4/19 - 2020/4/25,3.191313,0.677001
91765,2020/4/26 - 2020/5/2,12.530798,2.65827
91765,2020/5/3 - 2020/5/9,6.183792,1.31182
91765,2020/5/10 - 2020/5/16,1.7999853,0.381846
91765,2020/5/17 - 2020/5/23,3.6113214,0.766101
91766,2020/4/12 - 2020/4/18,16.370073,2.26319
91766,2020/4/19 - 2020/4/25,19.515856,2.69809
91766,2020/4/26 - 2020/5/2,41.965282,5.80176
91766,2020/5/3 - 2020/5/9,43.89069,6.06795
91766,2020/5/10 - 2020/5/16,46.485733,6.42672
91766,2020/5/17 - 2020/5/23,44.292637,6.12352
91770,2020/4/12 - 2020/4/18,4.32621,0.682099
91770,2020/4/19 - 2020/4/25,5.315474,0.838072
91770,2020/4/26 - 2020/5/2,15.018994,2.36799
91770,2020/5/3 - 2020/5/9,8.012584,1.26332
91770,2020/5/10 - 2020/5/16,8.100006,1.2771
91770,2020/5/17 - 2020/5/23,8.960963,1.41284
91773,2020/4/5 - 2020/4/11,14.810773,4.29348
91773,2020/4/12 - 2020/4/18,3.573487,1.03591
91773,2020/4/19 - 2020/4/25,2.940141,0.852314
91773,2020/4/26 - 2020/5/2,9.708049,2.81425
91773,2020/5/3 - 2020/5/9,3.2675152,0.947216
91773,2020/5/10 - 2020/5/16,2.2749438,0.65948
91773,2020/5/17 - 2020/5/23,3.1751006,0.920426
91775,2020/4/19 - 2020/4/25,-2.653812,-1.05343
91775,2020/4/26 - 2020/5/2,1.362335,0.540781
91775,2020/5/3 - 2020/5/9,-0.2807637,-0.11145
91775,2020/5/10 - 2020/5/16,-1.7324797,-0.68771
91775,2020/5/17 - 2020/5/23,0.9619241,0.381837
91776,2020/4/12 - 2020/4/18,1.7796403,0.463327
91776,2020/4/19 - 2020/4/25,-1.9886663,-0.517747
91776,2020/4/26 - 2020/5/2,4.5345154,1.18056
91776,2020/5/3 - 2020/5/9,2.4979138,0.650329
91776,2020/5/10 - 2020/5/16,-0.9534196,-0.248222
91776,2020/5/17 - 2020/5/23,3.785925,0.985661
91780,2020/4/5 - 2020/4/11,13.601603,3.84759
91780,2020/4/12 - 2020/4/18,3.4069784,0.963757
91780,2020/4/19 - 2020/4/25,-1.5969381,-0.451738
91780,2020/4/26 - 2020/5/2,8.564925,2.42282
91780,2020/5/3 - 2020/5/9,8.100865,2.29155
91780,2020/5/10 - 2020/5/16,2.9385345,0.831245
91780,2020/5/17 - 2020/5/23,5.531825,1.56483
91789,2020/4/5 - 2020/4/11,13.961133,3.13917
91789,2020/4/12 - 2020/4/18,2.7575226,0.62003
91789,2020/4/19 - 2020/4/25,0.26027942,0.058524
91789,2020/4/26 - 2020/5/2,6.8416944,1.53836
91789,2020/5/3 - 2020/5/9,2.3618374,0.53106
91789,2020/5/10 - 2020/5/16,-0.061033458,-0.0137234
91789,2020/5/17 - 2020/5/23,0.9905514,0.222726
91791,2020/4/5 - 2020/4/11,14.1077795,4.10551
91791,2020/4/12 - 2020/4/18,3.743914,1.08952
91791,2020/4/19 - 2020/4/25,9.624974,2.80097
91791,2020/4/26 - 2020/5/2,23.636423,6.87845
91791,2020/5/3 - 2020/5/9,25.10603,7.30612
91791,2020/5/10 - 2020/5/16,23.575953,6.86085
91791,2020/5/17 - 2020/5/23,19.984587,5.81573
91803,2020/4/5 - 2020/4/11,17.491842,5.75674
91803,2020/4/12 - 2020/4/18,4.830407,1.58973
91803,2020/4/19 - 2020/4/25,3.3297348,1.09585
91803,2020/4/26 - 2020/5/2,12.253806,4.03285
91803,2020/5/3 - 2020/5/9,10.530552,3.46571
91803,2020/5/10 - 2020/5/16,9.991113,3.28817
91803,2020/5/17 - 2020/5/23,12.361108,4.06816
93510,2020/4/19 - 2020/4/25,-2.3077898,-3.02621
93510,2020/4/26 - 2020/5/2,3.3142626,4.346
93510,2020/5/3 - 2020/5/9,1.0995451,1.44184
93510,2020/5/10 - 2020/5/16,-1.3803077,-1.81
93510,2020/5/17 - 2020/5/23,0.16849902,0.220953
93532,2020/5/17 - 2020/5/23,-1.1517032,-4.01151
93535,2020/4/19 - 2020/4/25,7.071812,0.969432
93535,2020/4/26 - 2020/5/2,27.704678,3.79787
93535,2020/5/3 - 2020/5/9,13.410053,1.8383
93535,2020/5/10 - 2020/5/16,8.680773,1.18999
93535,2020/5/17 - 2020/5/23,7.405456,1.01517
93536,2020/4/5 - 2020/4/11,17.6934,2.44441
93536,2020/4/12 - 2020/4/18,21.458668,2.9646
93536,2020/4/19 - 2020/4/25,27.92895,3.8585
93536,2020/4/26 - 2020/5/2,60.34389,8.33675
93536,2020/5/3 - 2020/5/9,84.50721,11.67501
93536,2020/5/10 - 2020/5/16,69.11554,9.54859
93536,2020/5/17 - 2020/5/23,54.3762,7.51229
93543,2020/4/19 - 2020/4/25,-1.8638799,-1.2315
93543,2020/4/26 - 2020/5/2,2.9860702,1.97296
93543,2020/5/3 - 2020/5/9,2.1245396,1.40373
93543,2020/5/10 - 2020/5/16,1.3576907,0.897054
93543,2020/5/17 - 2020/5/23,2.891863,1.91071
93550,2020/4/12 - 2020/4/18,22.466448,2.91749
93550,2020/4/19 - 2020/4/25,40.768055,5.29414
93550,2020/4/26 - 2020/5/2,72.952194,9.47357
93550,2020/5/3 - 2020/5/9,110.83625,14.3932
93550,2020/5/10 - 2020/5/16,81.97667,10.64549
93550,2020/5/17 - 2020/5/23,59.435104,7.71824
93551,2020/4/26 - 2020/5/2,14.73869,2.88513
93551,2020/5/3 - 2020/5/9,6.2502737,1.2235
93551,2020/5/10 - 2020/5/16,3.9506075,0.77334
93551,2020/5/17 - 2020/5/23,3.457279,0.67677
93552,2020/5/3 - 2020/5/9,2.2645411,0.562395
93552,2020/5/10 - 2020/5/16,0.9339308,0.23194
93552,2020/5/17 - 2020/5/23,1.8497084,0.459372
93553,2020/4/19 - 2020/4/25,-4.172493,-23.42781
93553,2020/4/26 - 2020/5/2,1.3866724,7.78592
93553,2020/5/3 - 2020/5/9,0.24518815,1.37669
93553,2020/5/10 - 2020/5/16,2.0600545,11.56684
93553,2020/5/17 - 2020/5/23,-1.4999431,-8.42192
